slot,src,alt,category,mood,span
1,assets/images/web/library-titelbild-2000-19to9.webp,Brand portrait photograph from Behmen Studio portfolio,Branding,Soft,28
2,assets/images/web/library-1691479-14-web-1900xv2.webp,Portrait photography image from Behmen Studio portfolio,Portrait,Soft,45
3,assets/images/web/library-rumyana-ig-1-2.webp,Brand portrait photograph from Behmen Studio portfolio,Branding,Editorial,45
4,assets/images/web/library-catlina-aw-ig-12.webp,Brand portrait photograph from Behmen Studio portfolio,Branding,Editorial,28
5,assets/images/web/library-hochzeit-im-studio-88.webp,Couples session photograph from Behmen Studio portfolio,Couples,Candid,45
6,assets/images/web/library-22-06-19-lara-alper-und-katja-188.webp,Couples session photograph from Behmen Studio portfolio,Couples,Soft,28
7,assets/images/web/library-mittwochulu0144.webp,Creative editorial portrait from Behmen Studio portfolio,Creative,Editorial,28
8,assets/images/web/library-6c7a8484.webp,Creative editorial portrait from Behmen Studio portfolio,Creative,Bold,28
9,assets/images/web/library-dsc-2743.webp,Brand portrait photograph from Behmen Studio portfolio,Branding,Bold,45
10,assets/images/web/library-26portfolio-ev-beispiele-30.webp,Event photography image from Behmen Studio portfolio,Events,Moody,45
11,assets/images/web/library-2look-natur-orig-18.webp,Lifestyle photography image from Behmen Studio portfolio,Lifestyle,Candid,45
12,assets/images/web/library-a7401944.webp,Portrait photography image from Behmen Studio portfolio,Portrait,Soft,45
13,assets/images/web/library-073a4501-2-3-2-3-2.webp,Creative editorial portrait from Behmen Studio portfolio,Creative,Moody,40
14,assets/images/web/library-catlina-aw-ig-13.webp,Brand portrait photograph from Behmen Studio portfolio,Branding,Bold,40
15,assets/images/web/library-22-06-19-lara-alper-und-katja-17.webp,Couples session photograph from Behmen Studio portfolio,Couples,Romantic,45
16,assets/images/web/library-a7401958.webp,Portrait photography image from Behmen Studio portfolio,Portrait,Moody,45
17,assets/images/web/library-a7405460b.webp,Event photography image from Behmen Studio portfolio,Events,Bold,45
18,assets/images/web/library-6c7a8437.webp,Creative editorial portrait from Behmen Studio portfolio,Creative,Bold,45
19,assets/images/web/library-dsc-2334.webp,Portrait photography image from Behmen Studio portfolio,Portrait,Bold,45
20,assets/images/web/library-rumyana-ig-1-3.webp,Brand portrait photograph from Behmen Studio portfolio,Branding,Bold,45
21,assets/images/web/library-dsc-2803.webp,Brand portrait photograph from Behmen Studio portfolio,Branding,Soft,45
22,assets/images/web/library-22-06-19-lara-alper-und-katja-35.webp,Couples session photograph from Behmen Studio portfolio,Couples,Candid,45
23,assets/images/web/library-26portfolio-ev-beispiele-56.webp,Event photography image from Behmen Studio portfolio,Events,Moody,45
24,assets/images/web/library-2look-natur-orig-10.webp,Lifestyle photography image from Behmen Studio portfolio,Lifestyle,Soft,28
25,assets/images/web/library-a7401618.webp,Portrait photography image from Behmen Studio portfolio,Portrait,Moody,28
26,assets/images/web/library-catlina-aw-ig-2.webp,Brand portrait photograph from Behmen Studio portfolio,Branding,Soft,40
27,assets/images/web/library-22-06-19-lara-alper-und-katja-60.webp,Couples session photograph from Behmen Studio portfolio,Couples,Romantic,45
28,assets/images/web/library-073a4234-2-2k-2.webp,Creative editorial portrait from Behmen Studio portfolio,Creative,Editorial,28
29,assets/images/web/library-26portfolio-ev-beispiele-26.webp,Event photography image from Behmen Studio portfolio,Events,Candid,28
30,assets/images/web/library-a7401711.webp,Portrait photography image from Behmen Studio portfolio,Portrait,Bold,28
31,assets/images/web/library-catlina-aw-ig-6.webp,Brand portrait photograph from Behmen Studio portfolio,Branding,Editorial,40
32,assets/images/web/library-22-06-19-lara-alper-und-katja-79.webp,Couples session photograph from Behmen Studio portfolio,Couples,Soft,28
33,assets/images/web/library-073a4442-2-3-4.webp,Creative editorial portrait from Behmen Studio portfolio,Creative,Bold,28
34,assets/images/web/library-26portfolio-ev-beispiele-27.webp,Event photography image from Behmen Studio portfolio,Events,Moody,28
35,assets/images/web/library-a7401873.webp,Portrait photography image from Behmen Studio portfolio,Portrait,Editorial,45
36,assets/images/web/library-073a4568-2-4-kopie.webp,Creative editorial portrait from Behmen Studio portfolio,Creative,Editorial,28
37,assets/images/web/library-26portfolio-ev-beispiele-28.webp,Event photography image from Behmen Studio portfolio,Events,Bold,45
38,assets/images/web/library-dsc-2343.webp,Portrait photography image from Behmen Studio portfolio,Portrait,Editorial,45
39,assets/images/web/library-6c7a8452.webp,Creative editorial portrait from Behmen Studio portfolio,Creative,Moody,28
40,assets/images/web/library-26portfolio-ev-beispiele-29.webp,Event photography image from Behmen Studio portfolio,Events,Candid,45
41,assets/images/web/library-6c7a8467.webp,Creative editorial portrait from Behmen Studio portfolio,Creative,Editorial,28
42,assets/images/web/library-26portfolio-ev-beispiele-31.webp,Event photography image from Behmen Studio portfolio,Events,Bold,45
43,assets/images/web/library-mittwochulu0129.webp,Creative editorial portrait from Behmen Studio portfolio,Creative,Moody,28
44,assets/images/web/library-26portfolio-ev-beispiele-32.webp,Event photography image from Behmen Studio portfolio,Events,Candid,45
45,assets/images/web/library-26portfolio-ev-beispiele-37.webp,Event photography image from Behmen Studio portfolio,Events,Moody,28
46,assets/images/web/library-26portfolio-ev-beispiele-45.webp,Event photography image from Behmen Studio portfolio,Events,Bold,28
47,assets/images/web/library-26portfolio-ev-beispiele-55.webp,Event photography image from Behmen Studio portfolio,Events,Candid,28
48,assets/images/web/library-26portfolio-ev-beispiele-57.webp,Event photography image from Behmen Studio portfolio,Events,Bold,28
49,assets/images/web/library-26portfolio-ev-beispiele-58.webp,Event photography image from Behmen Studio portfolio,Events,Candid,45
50,assets/images/web/library-26portfolio-ev-beispiele-59.webp,Event photography image from Behmen Studio portfolio,Events,Moody,28
51,assets/images/web/library-26portfolio-ev-beispiele-6.webp,Event photography image from Behmen Studio portfolio,Events,Bold,45
52,assets/images/web/library-26portfolio-ev-beispiele-60.webp,Event photography image from Behmen Studio portfolio,Events,Candid,45
53,assets/images/web/library-26portfolio-ev-beispiele-61.webp,Event photography image from Behmen Studio portfolio,Events,Moody,28
54,assets/images/web/library-26portfolio-ev-beispiele-64.webp,Event photography image from Behmen Studio portfolio,Events,Bold,40
55,assets/images/web/library-26portfolio-ev-beispiele-69.webp,Event photography image from Behmen Studio portfolio,Events,Candid,28
56,assets/images/web/library-26portfolio-ev-beispiele-70.webp,Event photography image from Behmen Studio portfolio,Events,Moody,28
57,assets/images/web/library-a7405463b.webp,Event photography image from Behmen Studio portfolio,Events,Candid,45
58,assets/images/web/library-dsc-6376.webp,Event photography image from Behmen Studio portfolio,Events,Moody,45
59,assets/images/web/library-dsc-6420.webp,Event photography image from Behmen Studio portfolio,Events,Bold,45
60,assets/images/web/library-dsc-6470.webp,Event photography image from Behmen Studio portfolio,Events,Candid,28
61,assets/images/web/library-dsc-6527.webp,Event photography image from Behmen Studio portfolio,Events,Moody,28
62,assets/images/web/library-dsc-6755.webp,Event photography image from Behmen Studio portfolio,Events,Bold,28
